ID,Name,Age,Location
1,John Doe,25,New York
2,Jane Smith,30,San Francisco
3,Bob Johnson,28,Chicago
4,Alice Williams,22,Los Angeles
5,Michael Brown,35,Houston
6,Emily Davis,29,Miami
7,David Jones,27,Seattle
8,Sarah Miller,32,Austin
9,Chris Taylor,26,Denver
10,Olivia White,31,Boston
11,Matthew Harris,28,Portland
12,Ava Thompson,24,Atlanta
13,William Turner,33,Dallas
14,Emma Clark,27,Phoenix
15,Daniel Wilson,29,Minneapolis
16,Sophia Turner,34,Detroit
17,Aiden Taylor,25,Philadelphia
18,Mia Jackson,30,San Diego
19,Ethan Brown,28,Charlotte
20,Grace Davis,26,Indianapolis
21,James Johnson,31,Nashville
22,Chloe Smith,29,San Antonio
23,Logan White,27,Columbus
24,Harper Harris,33,Milwaukee
25,Liam Wilson,22,Raleigh
26,Isabella Turner,35,Memphis
27,Lucas Martin,28,Orlando
28,Avery Thomas,30,Tampa
29,Benjamin Garcia,26,St. Louis
30,Amelia Rodriguez,32,New Orleans
